{
  "anvil_cost": 2,
  "description": {
    "translate": "enchantment.survival.no_gravity"
  },
  "effects": {
    "minecraft:tick": [
      {
        "effect": {
          "type": "survival:no_gravity"
        }
      }
    ]
  },
  "exclusive_set": "#minecraft:exclusive_set/boots",
  "max_cost": {
    "base": 25,
    "per_level_above_first": 9
  },
  "max_level": 1,
  "min_cost": {
    "base": 5,
    "per_level_above_first": 7
  },
  "slots": [
    "feet"
  ],
  "supported_items": "#minecraft:enchantable/foot_armor",
  "weight": 5
}