{
  "anvil_cost": 2,
  "description": {
    "translate": "enchantment.survival.tnt"
  },
  "effects": {
    "minecraft:post_attack": [
      {
        "affected": "victim",
        "effect": {
          "type": "survival:tnt"
        },
        "enchanted": "attacker"
      }
    ]
  },
  "exclusive_set": "#minecraft:exclusive_set/damage",
  "max_cost": {
    "base": 25,
    "per_level_above_first": 9
  },
  "max_level": 6,
  "min_cost": {
    "base": 5,
    "per_level_above_first": 7
  },
  "slots": [
    "mainhand"
  ],
  "supported_items": "#minecraft:enchantable/weapon",
  "weight": 5
}