{
  "parent": "minecraft:recipes/root",
  "criteria": {
    "has_raw_nether_emerald": {
      "conditions": {
        "items": [
          {
            "items": "survival:raw_nether_emerald"
          }
        ]
      },
      "trigger": "minecraft:inventory_changed"
    },
    "has_the_recipe": {
      "conditions": {
        "recipe": "survival:nether_emerald_from_smelting_raw_nether_emerald"
      },
      "trigger": "minecraft:recipe_unlocked"
    }
  },
  "requirements": [
    [
      "has_the_recipe",
      "has_raw_nether_emerald"
    ]
  ],
  "rewards": {
    "recipes": [
      "survival:nether_emerald_from_smelting_raw_nether_emerald"
    ]
  }
}